frequency_hz,amplitude
0.0,0.2068379521369934
0.0,0.08173184096813202
0.0,0.03165750950574875
0.0,0.03163183480501175
0.0,0.20632976293563843
0.0,0.41297096014022827
0.0,0.4877151548862457
0.0,0.6398821473121643
0.0,0.6383262276649475
0.0,0.5938319563865662
0.0,0.4395463466644287
0.0,0.3845243752002716
0.0,0.47798141837120056
0.0,0.5273498296737671
0.0,0.5589665770530701
0.0,0.5710664987564087
0.0,0.5813909769058228
0.0,0.669023871421814
0.0,0.6826935410499573
53.82064437866211,0.6572403907775879
53.8415641784668,0.6543024778366089
53.849788665771484,0.0592140331864357
53.86149978637695,0.37827959656715393
53.86333084106445,0.5580176115036011
53.863563537597656,0.5028280019760132
53.86465835571289,0.6371995806694031
53.86469650268555,0.6036133766174316
53.86508560180664,0.5583070516586304
53.8651237487793,0.6035404205322266
53.86561584472656,0.5581421852111816
53.86723327636719,0.6964803338050842
53.86784744262695,0.621666669845581
53.870513916015625,0.7096563577651978
53.870582580566406,0.6373596787452698
53.87068557739258,0.5627428293228149
53.87110137939453,0.487393319606781
53.87139892578125,0.5884459018707275
53.871788024902344,0.5891286730766296
53.87185287475586,0.6218491792678833
53.87195587158203,0.6386264562606812
53.87201690673828,0.7860016822814941
53.87205505371094,0.7257695198059082
53.872108459472656,0.7064372897148132
54.98248291015625,0.7202211618423462
54.99839782714844,0.7216244339942932
55.010498046875,0.7197433114051819
55.01225662231445,0.7207285165786743
55.2203254699707,0.7199782729148865
56.05855941772461,0.7315457463264465
56.83176040649414,0.7476980090141296
56.99580383300781,0.7410532832145691
57.61756896972656,0.7524225115776062
57.93529510498047,0.7524954080581665
58.03011703491211,0.7640607357025146
58.911285400390625,0.7601622939109802
58.97769546508789,0.7723389267921448
59.002769470214844,0.7598159909248352
59.004417419433594,0.8549577593803406
59.0045051574707,0.7612611055374146
59.05305099487305,0.7616955041885376
60.34687042236328,0.7881128191947937
61.148075103759766,0.7793600559234619
61.528987884521484,0.7699856162071228
62.04754638671875,0.8030078411102295
63.04368209838867,0.7932801842689514
64.0451431274414,0.8160471320152283
64.90814971923828,0.8009127378463745
66.00199890136719,0.8231600522994995
66.01538848876953,0.8121944069862366
67.2716064453125,0.8187365531921387
68.02643585205078,0.8322402238845825
69.0068130493164,0.829251766204834
69.02281951904297,0.8154703974723816
69.08662414550781,0.9058571457862854
69.48137664794922,0.847486138343811
70.0269775390625,0.8311505317687988
71.00032806396484,0.8387259840965271
71.01783752441406,0.8380711674690247
71.0215835571289,0.839506208896637
71.98995208740234,0.8439902067184448
72.03009033203125,0.8435335159301758
72.06903839111328,0.8473807573318481
72.97769927978516,0.8453762531280518
72.99688720703125,0.856238603591919
74.01582336425781,0.8501440286636353
74.97705078125,0.855213463306427
75.0046157836914,0.8613077402114868
76.00276947021484,0.8627905249595642
76.00857543945312,0.8577393889427185
76.99738311767578,0.8604446649551392
77.01349639892578,0.8672300577163696
78.00373077392578,0.8692836165428162
78.96842956542969,0.8368151783943176
78.99497985839844,0.9256714582443237
79.00529479980469,0.8639377355575562
79.01095581054688,0.8737859725952148
79.98714447021484,0.8716207146644592
79.99479675292969,0.8667174577713013
80.98893737792969,0.8768715262413025
81.97711181640625,0.8731535077095032
82.0084457397461,0.8766680359840393
83.48399353027344,0.8837478160858154
84.7239761352539,0.8797180652618408
84.98161315917969,0.8855925798416138
85.9795913696289,0.8846862316131592
86.00825500488281,0.8828784823417664
86.0152359008789,0.8831067681312561
86.98295593261719,0.8888698220252991
87.01382446289062,0.8841478228569031
88.62577056884766,0.8884783983230591
88.98646545410156,0.8887659907341003
88.99608612060547,0.8871250748634338
89.00138092041016,0.8878856897354126
89.0189437866211,0.8919161558151245
89.05057525634766,0.9269610047340393
89.16343688964844,0.8879778981208801
89.25596618652344,0.8871733546257019
89.97769165039062,0.8906518816947937
91.00596618652344,0.8938903212547302
91.02091217041016,0.8901122808456421
91.9862060546875,0.8936161994934082
92.97294616699219,0.8931253552436829
92.98931121826172,0.8972344994544983
93.98663330078125,0.8963126540184021
94.96826934814453,0.9012759327888489
95.9990463256836,0.8971953988075256
96.0070571899414,0.8964594006538391
96.97364044189453,0.8979377150535583
97.02517700195312,0.9011722207069397
98.36811828613281,0.9030166864395142
98.96355438232422,0.9326267838478088
99.00852966308594,0.9004527926445007
99.98733520507812,0.9026486873626709
100.0232925415039,0.8998537659645081
101.00373077392578,0.903326690196991
101.99679565429688,0.9067429304122925
102.01277160644531,0.9028447866439819
102.01509857177734,0.9029554724693298
102.02156066894531,0.9028581380844116
102.99634552001953,0.9063483476638794
103.98920440673828,0.9055769443511963
104.97106170654297,0.9042002558708191
105.023193359375,0.9095471501350403
105.96881866455078,0.9060929417610168
105.9932632446289,0.9094389081001282
106.00452423095703,0.9072999358177185
107.0106201171875,0.9097479581832886
108.54332733154297,0.9073137640953064
108.95274353027344,0.9095948338508606
108.97199249267578,0.9087672233581543
108.97711944580078,0.9082344174385071
108.9888687133789,0.9096139669418335
108.99604034423828,0.9085819125175476
108.99949645996094,0.908778190612793
109.00540924072266,0.9106326103210449
109.00647735595703,0.9086917042732239
109.01612091064453,0.9085601568222046
109.01673889160156,0.9078340530395508
109.01788330078125,0.9080555438995361
109.01872253417969,0.9079357385635376
109.01895141601562,0.9088065028190613
109.02112579345703,0.9084291458129883
109.02172088623047,0.9088789224624634
109.02738189697266,0.9087642431259155
109.10872650146484,0.9103683233261108
110.00692749023438,0.9118445515632629
110.98817443847656,0.9108623266220093
111.58613586425781,0.9117295742034912
112.0138168334961,0.9126508831977844
112.01809692382812,0.9098977446556091
112.99737548828125,0.9109729528427124
113.00530242919922,0.9111243486404419
113.01106262207031,0.9118501543998718
113.014404296875,0.9116606712341309
113.9958724975586,0.9126874208450317
114.10563659667969,0.9117926359176636
114.22228240966797,0.9134393334388733
115.96842956542969,0.9134199023246765
115.98785400390625,0.9149290323257446
116.95819854736328,0.9119641184806824
116.98464965820312,0.9147451519966125
117.96510314941406,0.9139482975006104
117.96820831298828,0.9133544564247131
117.98017120361328,0.9124168753623962
118.0020523071289,0.9128099679946899
119.00017547607422,0.9150398373603821
119.01139831542969,0.9135138392448425
119.96504974365234,0.9151628613471985
120.0083236694336,0.9133220314979553
120.99662780761719,0.9155626893043518
122.01361846923828,0.9142746925354004
122.96237182617188,0.9137454628944397
122.97663116455078,0.9166109561920166
123.02310943603516,0.9155644178390503
123.98783111572266,0.91534024477005
125.99104309082031,0.9158332943916321
127.9814224243164,0.9154765009880066
127.98829650878906,0.9154265522956848
127.99900817871094,0.915622889995575
129.0250244140625,0.9153384566307068
130.00582885742188,0.9157156348228455
131.9803924560547,0.9162285923957825
132.9705810546875,0.9159643650054932
133.9915008544922,0.9170746803283691
135.18331909179688,0.9171142578125
136.97705078125,0.9156036376953125
139.47377014160156,0.9158540964126587
140.98025512695312,0.9163388013839722
140.99261474609375,0.9160484671592712
141.00782775878906,0.9158318042755127
143.00071716308594,0.9163776636123657
144.0000762939453,0.9160524010658264
144.9931640625,0.9171056747436523
146.02549743652344,0.9160034656524658
148.00247192382812,0.9171313643455505
149.0089874267578,0.9198648929595947
149.90626525878906,0.9159145951271057
152.0206756591797,0.9168729186058044
152.9815673828125,0.9161445498466492
154.98947143554688,0.9166679978370667
155.9996337890625,0.916650116443634
156.0001678466797,0.9157895445823669
156.0102081298828,0.9158194065093994
157.02557373046875,0.9161562323570251
157.9890899658203,0.9169013500213623
158.97340393066406,0.9171915054321289
158.98150634765625,0.9163482189178467
159.02279663085938,0.9217943549156189
159.99864196777344,0.9157757759094238
161.9900360107422,0.9177728891372681
163.0142364501953,0.9160581827163696
165.0426483154297,0.9170806407928467
165.98516845703125,0.9157810211181641
167.97506713867188,0.915327250957489
168.9849090576172,0.9213047623634338
169.0081024169922,0.9163395762443542
171.00843811035156,0.9148227572441101
173.01583862304688,0.9155104756355286
174.9732208251953,0.914889395236969
174.97982788085938,0.9149409532546997
175.00180053710938,0.9147376418113708
175.0128631591797,0.9146018028259277
176.9961395263672,0.9148426651954651
178.41134643554688,0.9145455360412598
178.9974822998047,0.9156038761138916
179.9673309326172,0.9146133661270142
182.0027618408203,0.9146997332572937
184.01263427734375,0.9140625596046448
185.6525115966797,0.9139858484268188
187.98565673828125,0.9139920473098755
188.9838104248047,0.9132615327835083
189.96568298339844,0.9133172631263733
192.90484619140625,0.9136539101600647
192.95993041992188,0.914598286151886
192.9754638671875,0.9143657684326172
193.01133728027344,0.9137246608734131
194.03439331054688,0.913347601890564
195.01425170898438,0.9131851196289062
198.0299530029297,0.9127190709114075
198.98284912109375,0.9119549989700317
198.99009704589844,0.914920449256897
201.00706481933594,0.9121826887130737
203.0127410888672,0.912988007068634
203.02197265625,0.9122434258460999
204.00674438476562,0.9122574925422668
206.03501892089844,0.9110691547393799
207.98309326171875,0.9110346436500549
208.00473022460938,0.9120569229125977
209.02023315429688,0.913260817527771
210.05763244628906,0.9114319682121277
212.96975708007812,0.9115231037139893
213.001953125,0.910507321357727
214.0484161376953,0.910406231880188
216.7458953857422,0.9109922051429749
218.00193786621094,0.9102972745895386
218.050048828125,0.9095348715782166
220.04541015625,0.9101643562316895
222.86302185058594,0.9094423055648804
222.9638671875,0.9087133407592773
222.99636840820312,0.9092798829078674
225.01307678222656,0.9087987542152405
227.1064910888672,0.9084538817405701
228.01475524902344,0.9085904955863953
228.9462432861328,0.9083032608032227
229.00137329101562,0.9141228795051575
231.0017547607422,0.907241940498352
233.9491729736328,0.9070805907249451
233.94967651367188,0.9071589708328247
234.94602966308594,0.9062532782554626
236.45892333984375,0.905659556388855
238.907958984375,0.9051798582077026
238.99310302734375,0.9082705974578857
239.9741973876953,0.9057914018630981
240.00990295410156,0.9052332639694214
241.04721069335938,0.9047932028770447
241.99349975585938,0.904615044593811
244.42005920410156,0.9039948582649231
245.99203491210938,0.9045632481575012
246.03515625,0.9044774174690247
248.01084899902344,0.9035651087760925
248.97189331054688,0.9077722430229187
248.97738647460938,0.9031898379325867
249.0043182373047,0.9030420184135437
249.0087890625,0.9037556052207947
249.99594116210938,0.9028438925743103
251.97894287109375,0.9026225805282593
252.98089599609375,0.9017373919487
253.00582885742188,0.9021732807159424
255.01513671875,0.9008582234382629
256.9559631347656,0.8999282717704773
259.0371398925781,0.9049932360649109
260.9817199707031,0.8987725973129272
261.00079345703125,0.8993802666664124
261.1703186035156,0.8981801271438599
263.4034118652344,0.8981614112854004
265.44384765625,0.8959255218505859
266.9829406738281,0.8960343599319458
267.054443359375,0.8954107761383057
268.9372863769531,0.894837498664856
271.0081787109375,0.8937039971351624
272.2625427246094,0.8934241533279419
273.01129150390625,0.892924427986145
273.0419921875,0.892318606376648
275.94427490234375,0.8907849788665771
277.1146240234375,0.8898576498031616
278.9914245605469,0.8980063199996948
279.638916015625,0.8895434737205505
279.9825744628906,0.8880636096000671
279.9996337890625,0.8887079954147339
281.91876220703125,0.8866769075393677
282.9839782714844,0.8854225873947144
285.05194091796875,0.8853910565376282
286.0320129394531,0.8830658197402954
286.97845458984375,0.8832761645317078
288.04534912109375,0.8822906613349915
289.4600830078125,0.8891396522521973
290.0172424316406,0.8806919455528259
290.9904479980469,0.879854679107666
293.0666809082031,0.8789563179016113
293.9259338378906,0.8788411617279053
293.983642578125,0.8780659437179565
294.0338134765625,0.8783435225486755
295.06854248046875,0.876291811466217
297.0262145996094,0.874075710773468
298.9337158203125,0.8734762668609619
299.0105285644531,0.8736068606376648
301.0107116699219,0.8707654476165771
303.00518798828125,0.8700617551803589
304.0220031738281,0.8672128319740295
305.0015563964844,0.8660337924957275
306.662841796875,0.8642033338546753
307.97174072265625,0.863243818283081
307.98651123046875,0.8628504872322083
307.9981689453125,0.8619057536125183
308.01959228515625,0.8634315133094788
309.9199523925781,0.8602324724197388
310.62115478515625,0.875299334526062
311.9592590332031,0.8567082285881042
314.00921630859375,0.8550483584403992
315.9903259277344,0.8519068956375122
315.9936828613281,0.8528132438659668
316.0622863769531,0.8526414036750793
317.0480041503906,0.8497406244277954
318.92071533203125,0.8456559181213379
321.8835144042969,0.8432155847549438
321.91619873046875,0.8433646559715271
322.07275390625,0.8426067233085632
323.03802490234375,0.8414999842643738
323.9681091308594,0.840133786201477
326.00335693359375,0.8363381624221802
327.7103271484375,0.8342186808586121
329.0079345703125,0.8477069735527039
329.9820251464844,0.8286182284355164
331.0021667480469,0.8276866674423218
331.0127868652344,0.8291388750076294
331.01409912109375,0.8286024928092957
333.01416015625,0.8249061107635498
335.0005798339844,0.8223016858100891
336.98150634765625,0.8167664408683777
338.0160217285156,0.8149121403694153
338.9476623535156,0.831965982913971
340.0127258300781,0.8087970614433289
340.9726867675781,0.8087299466133118
341.0063171386719,0.80943363904953
341.0351867675781,0.8091681003570557
343.00396728515625,0.8048673868179321
344.0486145019531,0.8041286468505859
345.7373352050781,0.7985642552375793
347.05035400390625,0.794333279132843
348.9767761230469,0.7911648154258728
349.0692443847656,0.8131464123725891
350.93304443359375,0.7878425121307373
351.9201354980469,0.7828014492988586
354.0191345214844,0.7796064019203186
355.73919677734375,0.7750380635261536
357.0150146484375,0.7733607292175293
358.2880554199219,0.7668640613555908
359.0251159667969,0.7922409176826477
359.98504638671875,0.7657293081283569
360.000732421875,0.7653433084487915
360.0057678222656,0.7647256851196289
360.0080261230469,0.7651798129081726
361.8972473144531,0.7603107690811157
362.98089599609375,0.757201075553894
363.94464111328125,0.7546656131744385
365.0151062011719,0.7514460682868958
365.9075012207031,0.7495008707046509
366.91693115234375,0.7459659576416016
368.2186584472656,0.7405591011047363
368.9293518066406,0.7681477069854736
370.1958312988281,0.7354919910430908
372.0252685546875,0.731770396232605
373.97528076171875,0.7270271182060242
374.93988037109375,0.7237043976783752
377.0799560546875,0.7181687355041504
378.9311828613281,0.7134259939193726
378.9526062011719,0.7131970524787903
378.9639587402344,0.7413245439529419
378.9679870605469,0.7136420607566833
380.03350830078125,0.7064809203147888
381.8991394042969,0.7037152051925659
383.5502014160156,0.6963497400283813
384.9418029785156,0.6936956644058228
386.9353332519531,0.6874526739120483
387.97296142578125,0.683441162109375
388.9644470214844,0.7123844623565674
389.22027587890625,0.6776815056800842
390.9626770019531,0.6744296550750732
392.0037536621094,0.6705722212791443
393.6373291015625,0.664945125579834
394.9011535644531,0.6606402397155762
394.9187316894531,0.6617844700813293
395.0016174316406,0.6619358062744141
396.015625,0.6575818061828613
397.884521484375,0.6505889892578125
398.9024353027344,0.6478248834609985
399.1114807128906,0.6809459924697876
408.94677734375,0.6147485971450806
408.9608459472656,0.6473246812820435
409.0155029296875,0.614994466304779
419.7726135253906,0.6150323152542114
439.06103515625,0.5482709407806396
449.05889892578125,0.5153661966323853
458.9908142089844,0.4838145673274994
468.9572448730469,0.45275160670280457
478.75531005859375,0.4234567880630493
498.9327392578125,0.39376816153526306
499.1077575683594,0.34318089485168457
508.981201171875,0.34302401542663574
519.0599975585938,0.3199639618396759
536.04541015625,0.29800301790237427
548.853759765625,0.24181091785430908
548.8626098632812,0.2421484887599945
548.8699951171875,0.242580384016037
548.8802490234375,0.24268120527267456
548.8814086914062,0.24224185943603516
548.8953857421875,0.25891101360321045
548.9025268554688,0.24192339181900024
548.9139404296875,0.2418186366558075
548.922119140625,0.24300214648246765
548.9287719726562,0.24227097630500793
548.93212890625,0.24243268370628357
548.936279296875,0.24232415854930878
548.9364624023438,0.24198369681835175
548.9425659179688,0.24266360700130463
548.9505004882812,0.24243490397930145
548.9513549804688,0.24223873019218445
548.981201171875,0.24220776557922363
548.991943359375,0.24215957522392273
